CDUR,CPAU,CPER,CDC,N,rXY
20,100,120,0.16666666666666702,1,0.14999999999999999
60,60,120,0.5,2,0.11
100,20,120,0.83333333333333304,3,0.34000000000000002
20,180,200,0.10000000000000001,1,0.13
60,140,200,0.30000000000000004,2,0.40000000000000002
100,100,200,0.5,3,0.98999999999999999
140,60,200,0.69999999999999996,4,0.73999999999999999
60,220,280,0.21428571428571402,2,0.63
100,180,280,0.35714285714285704,3,0.73999999999999999
140,140,280,0.5,4,1.05
180,100,280,0.64285714285714302,5,0.85999999999999999
220,60,280,0.78571428571428603,6,0.59999999999999998
60,300,360,0.16666666666666702,2,0.48999999999999999
100,260,360,0.27777777777777801,3,0.80000000000000004
140,220,360,0.38888888888888901,4,0.98999999999999999
180,180,360,0.5,5,0.95999999999999996
220,140,360,0.61111111111111105,6,0.90000000000000002
260,100,360,0.7222222222222221,7,0.85999999999999999
