"PATTERN1","i1","PATTERN2","i2","time","f(kHz)","I(dB)","N","PDUR","PPAU","PPER","PDC","PPS","CDUR","CPAU","CPER","CDC","CPS","rXY","sd","sem","n","DATA_FILE","EXPERIMENT","SPECIES","t,CP1","t,CSC","t,CTC","PLAYLIST","TP","PATTERN","NPUL","rXY,norm","ANIMALS","SPC","file","TYPE","F","Y23","sd.1","sem.1","n.1","PPS/s","DC/s","rAD","sd.2","sem.2","Unnamed:",34,"ModD","f,kHz","pattern",1,"pattern",2,"f,kHz.1","I(dB).1","1/pdur","1/ppau","MD","t,CP2","Unnamed:",29,"pps/pdc","rXYx3","P","rXY,n","CTONE","Mpul","PPS2","D","D/W","set","type","test","X01","n.2","sd.3","n.3","Unnamed:",0,"E",,"PATTERN2","TIME","nan.1"
,,,,,,80,,12,3,,0.8,66.6666666666667,57,123,180,0.316666666666667,5.55555555555556,0.304809372344715,0.26033485344517,,13,"AAA_GLIN-DATASET,v2","PROFILE,CHIRP.xlsx","LIN",,,,,,,,,,,,,,0.372854266097849,0.265235591522932,,16,,,,,,,,5.5,,,,,,,,,,,,,,,,,,,,,,,,,,,,,,,,,,,,
,,,,,,80,,12,3,,0.8,66.6666666666667,57,483,540,0.105555555555556,1.85185185185185,0.376849482002479,0.435545529531721,,13,"AAA_GLIN-DATASET,v2","PROFILE,CHIRP.xlsx","LIN",,,,,,,,,,,,,,0.291790199305759,0.348294927058172,,16,,,,,,,,5.5,,,,,,,,,,,,,,,,,,,,,,,,,,,,,,,,,,,,
,,,,,,80,,12,3,,0.8,66.6666666666667,57,63,120,0.475,8.33333333333333,0.159884311099909,0.267040958397613,,19,"AAA_GLIN-DATASET,v2","PROFILE,CHIRP.xlsx","LIN",,,,,,,,,,,,,,0.201315377737673,0.162424890696784,,20,,,,,,,,5.5,,,,,,,,,,,,,,,,,,,,,,,,,,,,,,,,,,,,
,,,,,,80,,12,3,,0.8,66.6666666666667,57,243,300,0.19,3.33333333333333,0.258238697148111,0.266227815069938,,19,"AAA_GLIN-DATASET,v2","PROFILE,CHIRP.xlsx","LIN",,,,,,,,,,,,,,0.322480577048794,0.213936690936326,,20,,,,,,,,5.5,,,,,,,,,,,,,,,,,,,,,,,,,,,,,,,,,,,,
,,,,,,80,,12,3,,0.8,66.6666666666667,192,168,360,0.533333333333333,2.77777777777778,0.348086442630648,0.763804758685335,,7,"AAA_GLIN-DATASET,v2","PROFILE,CHIRP.xlsx","LIN",,,,,,,,,,,,,,0.584733146892691,0.376979703320352,,7,,,,,,,,4.5,,,,,,,,,,,,,,,,,,,,,,,,,,,,,,,,,,,,
,,,,,,80,,12,3,,0.8,66.6666666666667,192,528,720,0.266666666666667,1.38888888888889,0.298563106742208,0.292210136407148,,7,"AAA_GLIN-DATASET,v2","PROFILE,CHIRP.xlsx","LIN",,,,,,,,,,,,,,0.45614709934107,0.350873054232421,,7,,,,,,,,4.5,,,,,,,,,,,,,,,,,,,,,,,,,,,,,,,,,,,,
,,,,,,80,,12,3,,0.8,66.6666666666667,192,108,300,0.64,3.33333333333333,0.649797073102787,0.283158234115258,,5,"AAA_GLIN-DATASET,v2","PROFILE,CHIRP.xlsx","LIN",,,,,,,,,,,,,,0.779531845400109,,,1,,,,,,,,4.5,,,,,,,,,,,,,,,,,,,,,,,,,,,,,,,,,,,,
,,,,,,80,,12,3,,0.8,66.6666666666667,192,288,480,0.4,2.08333333333333,0.548442280809912,0.312418997400612,,5,"AAA_GLIN-DATASET,v2","PROFILE,CHIRP.xlsx","LIN",,,,,,,,,,,,,,0.640900018145527,,,1,,,,,,,,4.5,,,,,,,,,,,,,,,,,,,,,,,,,,,,,,,,,,,,
,,,,,,80,,12,3,,0.8,66.6666666666667,237,123,360,0.658333333333333,2.77777777777778,0.480307558484516,0.397975890568623,,13,"AAA_GLIN-DATASET,v2","PROFILE,CHIRP.xlsx","LIN",,,,,,,,,,,,,,0.590900994780153,0.312536531986552,,16,,,,,,,,5.5,,,,,,,,,,,,,,,,,,,,,,,,,,,,,,,,,,,,
,,,,,,80,,12,3,,0.8,66.6666666666667,237,483,720,0.329166666666667,1.38888888888889,0.07243875408267,0.702573220571808,,13,"AAA_GLIN-DATASET,v2","PROFILE,CHIRP.xlsx","LIN",,,,,,,,,,,,,,0.419873357675644,0.33526379556151,,16,,,,,,,,5.5,,,,,,,,,,,,,,,,,,,,,,,,,,,,,,,,,,,,
,,,,,,80,,12,3,,0.8,66.6666666666667,237,63,300,0.79,3.33333333333333,0.350396307486452,0.351334167997095,,19,"AAA_GLIN-DATASET,v2","PROFILE,CHIRP.xlsx","LIN",,,,,,,,,,,,,,0.389284874463227,0.310036399661178,,20,,,,,,,,5.5,,,,,,,,,,,,,,,,,,,,,,,,,,,,,,,,,,,,
,,,,,,80,,12,3,,0.8,66.6666666666667,237,243,480,0.49375,2.08333333333333,0.602217077472525,0.333518006114083,,19,"AAA_GLIN-DATASET,v2","PROFILE,CHIRP.xlsx","LIN",,,,,,,,,,,,,,0.577819409238402,0.230567489851321,,20,,,,,,,,5.5,,,,,,,,,,,,,,,,,,,,,,,,,,,,,,,,,,,,
,,,,,,80,,12,3,,0.8,66.6666666666667,312,288,600,0.52,1.66666666666667,0.43914206898296,0.158449205268051,,3,"AAA_GLIN-DATASET,v2","PROFILE,CHIRP.xlsx","LIN",,,,,,,,,,,,,,0.252856175771677,0.148205598705295,,3,,,,,,,,4.5,,,,,,,,,,,,,,,,,,,,,,,,,,,,,,,,,,,,
,,,,,,80,,12,3,,0.8,66.6666666666667,312,648,960,0.325,1.04166666666667,0.177326989038035,0.173145831567101,,3,"AAA_GLIN-DATASET,v2","PROFILE,CHIRP.xlsx","LIN",,,,,,,,,,,,,,0.181912653413386,0.161101708612594,,3,,,,,,,,4.5,,,,,,,,,,,,,,,,,,,,,,,,,,,,,,,,,,,,
,,,,,,80,,12,3,,0.8,66.6666666666667,402,138,540,0.744444444444444,1.85185185185185,0.708388599632355,0.597959551672616,,7,"AAA_GLIN-DATASET,v2","PROFILE,CHIRP.xlsx","LIN",,,,,,,,,,,,,,0.757286037330594,0.356161693498738,,7,,,,,,,,4.5,,,,,,,,,,,,,,,,,,,,,,,,,,,,,,,,,,,,
,,,,,,80,,12,3,,0.8,66.6666666666667,402,318,720,0.558333333333333,1.38888888888889,0.434523016653449,0.414471003128918,,7,"AAA_GLIN-DATASET,v2","PROFILE,CHIRP.xlsx","LIN",,,,,,,,,,,,,,0.557516788108353,0.254252913539835,,7,,,,,,,,4.5,,,,,,,,,,,,,,,,,,,,,,,,,,,,,,,,,,,,
,,,,,,80,,12,3,,0.8,66.6666666666667,402,198,600,0.67,1.66666666666667,0.635214765149848,0.197320593292746,,5,"AAA_GLIN-DATASET,v2","PROFILE,CHIRP.xlsx","LIN",,,,,,,,,,,,,,0.556160406459808,,,1,,,,,,,,4.5,,,,,,,,,,,,,,,,,,,,,,,,,,,,,,,,,,,,
,,,,,,80,,12,3,,0.8,66.6666666666667,402,558,960,0.41875,1.04166666666667,0.155555990738686,0.21328839895287,,5,"AAA_GLIN-DATASET,v2","PROFILE,CHIRP.xlsx","LIN",,,,,,,,,,,,,,0.457448738885865,,,1,,,,,,,,4.5,,,,,,,,,,,,,,,,,,,,,,,,,,,,,,,,,,,,
,,,,,,80,,12,3,,0.8,66.6666666666667,477,63,540,0.883333333333333,1.85185185185185,0.290359761343608,0.294252254901515,,13,"AAA_GLIN-DATASET,v2","PROFILE,CHIRP.xlsx","LIN",,,,,,,,,,,,,,0.349681268438412,0.254079937863432,,16,,,,,,,,5.5,,,,,,,,,,,,,,,,,,,,,,,,,,,,,,,,,,,,
,,,,,,80,,12,3,,0.8,66.6666666666667,477,243,720,0.6625,1.38888888888889,0.458504472949559,0.261526988653814,,13,"AAA_GLIN-DATASET,v2","PROFILE,CHIRP.xlsx","LIN",,,,,,,,,,,,,,0.504172382249419,0.324785583430853,,16,,,,,,,,5.5,,,,,,,,,,,,,,,,,,,,,,,,,,,,,,,,,,,,
,,,,,,80,,12,3,,0.8,66.6666666666667,477,123,600,0.795,1.66666666666667,0.347203184036258,0.296620059185826,,19,"AAA_GLIN-DATASET,v2","PROFILE,CHIRP.xlsx","LIN",,,,,,,,,,,,,,0.402289800534471,0.335518105387236,,20,,,,,,,,5.5,,,,,,,,,,,,,,,,,,,,,,,,,,,,,,,,,,,,
,,,,,,80,,12,3,,0.8,66.6666666666667,477,483,960,0.496875,1.04166666666667,0.32126229268496,0.322622740026642,,19,"AAA_GLIN-DATASET,v2","PROFILE,CHIRP.xlsx","LIN",,,,,,,,,,,,,,0.357514744509615,0.292697537413247,,20,,,,,,,,5.5,,,,,,,,,,,,,,,,,,,,,,,,,,,,,,,,,,,,
,,,,,,80,,12,3,,0.8,66.6666666666667,111.75,68.25,180,0.620833333333333,5.55555555555556,0.371083313705673,,,,"AAA_GLIN-DATASET,v3","PROFILE,CHIRP.xlsx","LIN",,,,,,,,,,,,,,,,,,,,,,,,,,,,,,,,,,,,,,,,,,,,,,,,,,,,,,,,,,,,,
,,,,,,80,,12,3,,0.8,66.6666666666667,111.75,248.25,360,0.310416666666667,2.77777777777778,0.696356455343659,,,,"AAA_GLIN-DATASET,v3","PROFILE,CHIRP.xlsx","LIN",,,,,,,,,,,,,,,,,,,,,,,,,,,,,,,,,,,,,,,,,,,,,,,,,,,,,,,,,,,,,
,,,,,,80,,12,3,,0.8,66.6666666666667,113.875,126.125,240,0.474479166666667,4.16666666666667,0.642178947226629,,,,"AAA_GLIN-DATASET,v3","PROFILE,CHIRP.xlsx","LIN",,,,,,,,,,,,,,,,,,,,,,,,,,,,,,,,,,,,,,,,,,,,,,,,,,,,,,,,,,,,,
,,,,,,80,,12,3,,0.8,66.6666666666667,113.875,486.125,600,0.189791666666667,1.66666666666667,0.430422227050241,,,,"AAA_GLIN-DATASET,v3","PROFILE,CHIRP.xlsx","LIN",,,,,,,,,,,,,,,,,,,,,,,,,,,,,,,,,,,,,,,,,,,,,,,,,,,,,,,,,,,,,
