PATTERN1,i1,PATTERN2,i2,time,f(kHz),I(dB),N,PDUR,PPAU,PPER,PDC,PPS,CDUR,CPAU,CPER,CDC,CPS,rXY,sd,sem,n,DATA_FILE,EXPERIMENT,SPECIES,"t,CP1","t,CSC","t,CTC",PLAYLIST,TP,PATTERN,NPUL,"rXY,norm",ANIMALS,SPC,file,TYPE,F,Y23,sd.1,sem.1,n.1,PPS/s,DC/s,rAD,sd.2,sem.2,Unnamed: 34,ModD,"f,kHz",pattern 1,pattern 2,"f,kHz.1",I(dB).1,1/pdur,1/ppau,MD,"t,CP2",Unnamed: 29,pps/pdc,rXYx3,P,"rXY,n",CTONE,Mpul,PPS2,D,D/W,set,type,test,X01,n.2,sd.3,n.3,Unnamed: 0,E, PATTERN2,TIME,nan.1
"VOC-N2-D0015-P0015-F33,3-CPER200",80,SILENTIO,30.0,45,5.0,80.0,2.0,15.0,15.0,30.0,0.5,33.3333333333333,45.0,155.0,200.0,0.225,5.0,0.780622961538462,0.716847293552622,0.140585320695807,26.0,VOC/VOCALIS-ALL.xlsx,CHIRP,VOC,,,,,,,,,,,,,,,,,,,,,,,,,,,,,,,,,,,,,,,,,,,,,,,,,,,,,,,
"VOC-N3-D0015-P0015-F33,3-CPER200",80,SILENTIO,30.0,45,5.0,80.0,3.0,15.0,15.0,30.0,0.5,33.3333333333333,75.0,125.0,200.0,0.375,5.0,0.8599158846153849,0.701907525841422,0.13765539119242498,26.0,VOC/VOCALIS-ALL.xlsx,CHIRP,VOC,,,,,,,,,,,,,,,,,,,,,,,,,,,,,,,,,,,,,,,,,,,,,,,,,,,,,,,
"VOC-N4-D0015-P0015-F33,3-CPER200",80,SILENTIO,30.0,45,5.0,80.0,4.0,15.0,15.0,30.0,0.5,33.3333333333333,105.0,95.0,200.0,0.525,5.0,0.502721961538462,0.875942066085126,0.171786372605571,26.0,VOC/VOCALIS-ALL.xlsx,CHIRP,VOC,,,,,,,,,,,,,,,,,,,,,,,,,,,,,,,,,,,,,,,,,,,,,,,,,,,,,,,
"VOC-N5-D0015-P0015-F33,3-CPER200",80,SILENTIO,30.0,45,5.0,80.0,5.0,15.0,15.0,30.0,0.5,33.3333333333333,135.0,65.0,200.0,0.675,5.0,0.602319307692308,0.503792502112429,0.098801838425885,26.0,VOC/VOCALIS-ALL.xlsx,CHIRP,VOC,,,,,,,,,,,,,,,,,,,,,,,,,,,,,,,,,,,,,,,,,,,,,,,,,,,,,,,
"VOC-N6-D0015-P0015-F33,3-CPER200",80,SILENTIO,30.0,45,5.0,80.0,6.0,15.0,15.0,30.0,0.5,33.3333333333333,165.0,35.0,200.0,0.825,5.0,0.074683,0.638270737302659,0.12517519017159698,26.0,VOC/VOCALIS-ALL.xlsx,CHIRP,VOC,,,,,,,,,,,,,,,,,,,,,,,,,,,,,,,,,,,,,,,,,,,,,,,,,,,,,,,
"VOC-N1-D0015-P0015-F33,3-CPER60",80,SILENTIO,30.0,45,4.5,80.0,1.0,15.0,15.0,30.0,0.5,33.3333333333333,15.0,45.0,60.0,0.25,16.6666666666667,0.2027688,0.508981885572398,0.101796377114479,25.0,VOC/VOCALIS-ALL.xlsx,CHIRP,VOC,,,,,,,,,,,,,,,,,,,,,,,,,,,,,,,,,,,,,,,,,,,,,,,,,,,,,,,
"VOC-N1-D0015-P0015-F33,3-CPER480",80,SILENTIO,30.0,45,4.5,80.0,1.0,15.0,15.0,30.0,0.5,33.3333333333333,15.0,465.0,480.0,0.03125,2.0833333333333304,0.01177068,0.615144942405157,0.12302898848103098,25.0,VOC/VOCALIS-ALL.xlsx,CHIRP,VOC,,,,,,,,,,,,,,,,,,,,,,,,,,,,,,,,,,,,,,,,,,,,,,,,,,,,,,,
"VOC-N3-D0015-P0015-F33,3-CPER120",80,SILENTIO,30.0,45,4.5,80.0,3.0,15.0,15.0,30.0,0.5,33.3333333333333,75.0,45.0,120.0,0.625,8.33333333333333,0.26030776,0.621099702422464,0.124219940484493,25.0,VOC/VOCALIS-ALL.xlsx,CHIRP,VOC,,,,,,,,,,,,,,,,,,,,,,,,,,,,,,,,,,,,,,,,,,,,,,,,,,,,,,,
"VOC-N4-D0015-P0015-F33,3-CPER120",80,SILENTIO,30.0,45,4.5,80.0,4.0,15.0,15.0,30.0,0.5,33.3333333333333,105.0,15.0,120.0,0.875,8.33333333333333,-0.10985808,0.577131898544426,0.11542637970888499,25.0,VOC/VOCALIS-ALL.xlsx,CHIRP,VOC,,,,,,,,,,,,,,,,,,,,,,,,,,,,,,,,,,,,,,,,,,,,,,,,,,,,,,,
"VOC-N6-D0015-P0015-F33,3-CPER480",80,SILENTIO,30.0,45,4.5,80.0,6.0,15.0,15.0,30.0,0.5,33.3333333333333,165.0,315.0,480.0,0.34375,2.0833333333333304,0.10528684,0.636238127023515,0.127247625404703,25.0,VOC/VOCALIS-ALL.xlsx,CHIRP,VOC,,,,,,,,,,,,,,,,,,,,,,,,,,,,,,,,,,,,,,,,,,,,,,,,,,,,,,,
"VOC-N10-D0015-P0015-F33,3-CPER960",80,SILENTIO,30.0,45,4.5,80.0,10.0,15.0,15.0,30.0,0.5,33.3333333333333,285.0,675.0,960.0,0.296875,1.04166666666667,-0.02958988,0.652648110395533,0.130529622079107,25.0,VOC/VOCALIS-ALL.xlsx,CHIRP,VOC,,,,,,,,,,,,,,,,,,,,,,,,,,,,,,,,,,,,,,,,,,,,,,,,,,,,,,,
"VOC-N17-D0015-P0015-F33,3-CPER960",80,SILENTIO,30.0,45,4.5,80.0,17.0,15.0,15.0,30.0,0.5,33.3333333333333,495.0,465.0,960.0,0.515625,1.04166666666667,0.06875204,0.628563167321808,0.125712633464362,25.0,VOC/VOCALIS-ALL.xlsx,CHIRP,VOC,,,,,,,,,,,,,,,,,,,,,,,,,,,,,,,,,,,,,,,,,,,,,,,,,,,,,,,
"VOC-N1-D0015-P0015-F33,3-CPER120",80,SILENTIO,30.0,45,4.5,80.0,1.0,15.0,15.0,30.0,0.5,33.3333333333333,15.0,105.0,120.0,0.125,8.33333333333333,-0.16399088461538502,0.547703790479513,0.107413550589376,26.0,VOC/VOCALIS-ALL.xlsx,CHIRP,VOC,,,,,,,,,,,,,,,,,,,,,,,,,,,,,,,,,,,,,,,,,,,,,,,,,,,,,,,
"VOC-N2-D0015-P0015-F33,3-CPER120",80,SILENTIO,30.0,45,4.5,80.0,2.0,15.0,15.0,30.0,0.5,33.3333333333333,45.0,75.0,120.0,0.375,8.33333333333333,1.02065038461539,0.658740127414875,0.12918956784903998,26.0,VOC/VOCALIS-ALL.xlsx,CHIRP,VOC,,,,,,,,,,,,,,,,,,,,,,,,,,,,,,,,,,,,,,,,,,,,,,,,,,,,,,,
"VOC-N3-D0015-P0015-F33,3-CPER240",80,SILENTIO,30.0,45,4.5,80.0,3.0,15.0,15.0,30.0,0.5,33.3333333333333,75.0,165.0,240.0,0.3125,4.16666666666667,0.6613938846153851,0.73818697286719,0.144770376128069,26.0,VOC/VOCALIS-ALL.xlsx,CHIRP,VOC,,,,,,,,,,,,,,,,,,,,,,,,,,,,,,,,,,,,,,,,,,,,,,,,,,,,,,,
"VOC-N5-D0015-P0015-F33,3-CPER240",80,SILENTIO,30.0,45,4.5,80.0,5.0,15.0,15.0,30.0,0.5,33.3333333333333,135.0,105.0,240.0,0.5625,4.16666666666667,0.43014873076923105,0.93205748028072,0.18279151075928896,26.0,VOC/VOCALIS-ALL.xlsx,CHIRP,VOC,,,,,,,,,,,,,,,,,,,,,,,,,,,,,,,,,,,,,,,,,,,,,,,,,,,,,,,
"VOC-N7-D0015-P0015-F33,3-CPER240",80,SILENTIO,30.0,45,4.5,80.0,7.0,15.0,15.0,30.0,0.5,33.3333333333333,195.0,45.0,240.0,0.8125,4.16666666666667,-0.167554346153846,0.686806373961742,0.13469381164964697,26.0,VOC/VOCALIS-ALL.xlsx,CHIRP,VOC,,,,,,,,,,,,,,,,,,,,,,,,,,,,,,,,,,,,,,,,,,,,,,,,,,,,,,,
"VOC-N12-D0015-P0015-F33,3-CPER480",80,SILENTIO,30.0,45,4.5,80.0,12.0,15.0,15.0,30.0,0.5,33.3333333333333,345.0,135.0,480.0,0.71875,2.0833333333333304,0.323753769230769,0.759102894513481,0.148872325844192,26.0,VOC/VOCALIS-ALL.xlsx,CHIRP,VOC,,,,,,,,,,,,,,,,,,,,,,,,,,,,,,,,,,,,,,,,,,,,,,,,,,,,,,,
"VOC-N23-D0015-P0015-F33,3-CPER960",80,SILENTIO,30.0,45,4.5,80.0,23.0,15.0,15.0,30.0,0.5,33.3333333333333,675.0,285.0,960.0,0.703125,1.04166666666667,-0.092215076923077,0.753893336461435,0.14785064745324697,26.0,VOC/VOCALIS-ALL.xlsx,CHIRP,VOC,,,,,,,,,,,,,,,,,,,,,,,,,,,,,,,,,,,,,,,,,,,,,,,,,,,,,,,
"VOC-N1-D0015-P0015-F33,3-CPER240",80,SILENTIO,30.0,45,5.0,80.0,1.0,15.0,15.0,30.0,0.5,33.3333333333333,15.0,225.0,240.0,0.0625,4.16666666666667,-0.19273444,0.512723379406567,0.10254467588131301,25.0,VOC/VOCALIS-ALL.xlsx,CHIRP,VOC,,,,,,,,,,,,,,,,,,,,,,,,,,,,,,,,,,,,,,,,,,,,,,,,,,,,,,,
"VOC-N2-D0015-P0015-F33,3-CPER240",80,SILENTIO,30.0,45,5.0,80.0,2.0,15.0,15.0,30.0,0.5,33.3333333333333,45.0,195.0,240.0,0.1875,4.16666666666667,0.56727916,0.750226907411611,0.150045381482322,25.0,VOC/VOCALIS-ALL.xlsx,CHIRP,VOC,,,,,,,,,,,,,,,,,,,,,,,,,,,,,,,,,,,,,,,,,,,,,,,,,,,,,,,
"VOC-N3-D0015-P0015-F33,3-CPER480",80,SILENTIO,30.0,45,5.0,80.0,3.0,15.0,15.0,30.0,0.5,33.3333333333333,75.0,405.0,480.0,0.15625,2.0833333333333304,0.13229216,0.456089189752735,0.091217837950547,25.0,VOC/VOCALIS-ALL.xlsx,CHIRP,VOC,,,,,,,,,,,,,,,,,,,,,,,,,,,,,,,,,,,,,,,,,,,,,,,,,,,,,,,
"VOC-N5-D0015-P0015-F33,3-CPER960",80,SILENTIO,30.0,45,5.0,80.0,5.0,15.0,15.0,30.0,0.5,33.3333333333333,135.0,825.0,960.0,0.140625,1.04166666666667,0.126434,0.588617723775655,0.11772354475513098,25.0,VOC/VOCALIS-ALL.xlsx,CHIRP,VOC,,,,,,,,,,,,,,,,,,,,,,,,,,,,,,,,,,,,,,,,,,,,,,,,,,,,,,,
"VOC-N9-D0015-P0015-F33,3-CPER480",80,SILENTIO,30.0,45,5.0,80.0,9.0,15.0,15.0,30.0,0.5,33.3333333333333,255.0,225.0,480.0,0.53125,2.0833333333333304,0.05952152,0.54823940272682,0.10964788054536401,25.0,VOC/VOCALIS-ALL.xlsx,CHIRP,VOC,,,,,,,,,,,,,,,,,,,,,,,,,,,,,,,,,,,,,,,,,,,,,,,,,,,,,,,
"VOC-N14-D0015-P0015-F33,3-CPER480",80,SILENTIO,30.0,45,5.0,80.0,14.0,15.0,15.0,30.0,0.5,33.3333333333333,405.0,75.0,480.0,0.84375,2.0833333333333304,0.1319348,0.540379778198167,0.10807595563963301,25.0,VOC/VOCALIS-ALL.xlsx,CHIRP,VOC,,,,,,,,,,,,,,,,,,,,,,,,,,,,,,,,,,,,,,,,,,,,,,,,,,,,,,,
"VOC-N28-D0015-P0015-F33,3-CPER960",80,SILENTIO,30.0,45,5.0,80.0,28.0,15.0,15.0,30.0,0.5,33.3333333333333,825.0,135.0,960.0,0.859375,1.04166666666667,0.1321854,0.599595892815389,0.119919178563078,25.0,VOC/VOCALIS-ALL.xlsx,CHIRP,VOC,,,,,,,,,,,,,,,,,,,,,,,,,,,,,,,,,,,,,,,,,,,,,,,,,,,,,,,
"VOC-N1-D0015-P0015-F33,3-CPER75",80,SILENTIO,30.0,45,5.0,80.0,1.0,15.0,15.0,30.0,0.5,33.3333333333333,15.0,60.0,75.0,0.2,13.333333333333302,0.023253071428571,0.624540127640059,0.118026990108295,28.0,VOC/VOCALIS-ALL.xlsx,CHIRP,VOC,,,,,,,,,,,,,,,,,,,,,,,,,,,,,,,,,,,,,,,,,,,,,,,,,,,,,,,
"VOC-N2-D0015-P0015-F33,3-CPER75",80,SILENTIO,30.0,45,5.0,80.0,2.0,15.0,15.0,30.0,0.5,33.3333333333333,45.0,30.0,75.0,0.6,13.333333333333302,0.2758875,0.704715026712453,0.133178621846528,28.0,VOC/VOCALIS-ALL.xlsx,CHIRP,VOC,,,,,,,,,,,,,,,,,,,,,,,,,,,,,,,,,,,,,,,,,,,,,,,,,,,,,,,
"VOC-N1-D0015-P0015-F33,3-CPER90",80,SILENTIO,30.0,45,5.0,80.0,1.0,15.0,15.0,30.0,0.5,33.3333333333333,15.0,75.0,90.0,0.166666666666667,11.1111111111111,-0.15811107142857098,0.570950495769858,0.107899501624006,28.0,VOC/VOCALIS-ALL.xlsx,CHIRP,VOC,,,,,,,,,,,,,,,,,,,,,,,,,,,,,,,,,,,,,,,,,,,,,,,,,,,,,,,
"VOC-N2-D0015-P0015-F33,3-CPER90",80,SILENTIO,30.0,45,5.0,80.0,2.0,15.0,15.0,30.0,0.5,33.3333333333333,45.0,45.0,90.0,0.5,11.1111111111111,0.502002428571428,0.712015719470743,0.134558323092023,28.0,VOC/VOCALIS-ALL.xlsx,CHIRP,VOC,,,,,,,,,,,,,,,,,,,,,,,,,,,,,,,,,,,,,,,,,,,,,,,,,,,,,,,
"VOC-N1-D0015-P0015-F33,3-CPER105",80,SILENTIO,30.0,45,5.0,80.0,1.0,15.0,15.0,30.0,0.5,33.3333333333333,15.0,90.0,105.0,0.14285714285714302,9.52380952380952,-0.093307892857143,0.56173501885546,0.10615794018626598,28.0,VOC/VOCALIS-ALL.xlsx,CHIRP,VOC,,,,,,,,,,,,,,,,,,,,,,,,,,,,,,,,,,,,,,,,,,,,,,,,,,,,,,,
"VOC-N2-D0015-P0015-F33,3-CPER105",80,SILENTIO,30.0,45,5.0,80.0,2.0,15.0,15.0,30.0,0.5,33.3333333333333,45.0,60.0,105.0,0.42857142857142894,9.52380952380952,1.0162365,0.648956629779337,0.122641275290196,28.0,VOC/VOCALIS-ALL.xlsx,CHIRP,VOC,,,,,,,,,,,,,,,,,,,,,,,,,,,,,,,,,,,,,,,,,,,,,,,,,,,,,,,
"VOC-N3-D0015-P0015-F33,3-CPER105",80,SILENTIO,30.0,45,5.0,80.0,3.0,15.0,15.0,30.0,0.5,33.3333333333333,75.0,30.0,105.0,0.7142857142857142,9.52380952380952,0.100978642857143,0.604981963307705,0.11433084447084199,28.0,VOC/VOCALIS-ALL.xlsx,CHIRP,VOC,,,,,,,,,,,,,,,,,,,,,,,,,,,,,,,,,,,,,,,,,,,,,,,,,,,,,,,
"VOC-N1-D0015-P0015-F33,3-CPER160",80,SILENTIO,30.0,45,5.0,80.0,1.0,15.0,15.0,30.0,0.5,33.3333333333333,15.0,145.0,160.0,0.09375,6.25,-0.006136111111110999,0.588992529406935,0.113351665134591,27.0,VOC/VOCALIS-ALL.xlsx,CHIRP,VOC,,,,,,,,,,,,,,,,,,,,,,,,,,,,,,,,,,,,,,,,,,,,,,,,,,,,,,,
"VOC-N2-D0015-P0015-F33,3-CPER160",80,SILENTIO,30.0,45,5.0,80.0,2.0,15.0,15.0,30.0,0.5,33.3333333333333,45.0,115.0,160.0,0.28125,6.25,0.7561621111111109,0.770071949689934,0.14820041581628798,27.0,VOC/VOCALIS-ALL.xlsx,CHIRP,VOC,,,,,,,,,,,,,,,,,,,,,,,,,,,,,,,,,,,,,,,,,,,,,,,,,,,,,,,
"VOC-N3-D0015-P0015-F33,3-CPER160",80,SILENTIO,30.0,45,5.0,80.0,3.0,15.0,15.0,30.0,0.5,33.3333333333333,75.0,85.0,160.0,0.46875,6.25,1.02473137037037,0.851078415114935,0.163790117356029,27.0,VOC/VOCALIS-ALL.xlsx,CHIRP,VOC,,,,,,,,,,,,,,,,,,,,,,,,,,,,,,,,,,,,,,,,,,,,,,,,,,,,,,,
"VOC-N4-D0015-P0015-F33,3-CPER160",80,SILENTIO,30.0,45,5.0,80.0,4.0,15.0,15.0,30.0,0.5,33.3333333333333,105.0,55.0,160.0,0.65625,6.25,0.510137925925926,0.567917102732766,0.10929569738005199,27.0,VOC/VOCALIS-ALL.xlsx,CHIRP,VOC,,,,,,,,,,,,,,,,,,,,,,,,,,,,,,,,,,,,,,,,,,,,,,,,,,,,,,,
"VOC-N5-D0015-P0015-F33,3-CPER160",80,SILENTIO,30.0,45,5.0,80.0,5.0,15.0,15.0,30.0,0.5,33.3333333333333,135.0,25.0,160.0,0.84375,6.25,0.067822481481481,0.340024797513965,0.065437802791945,27.0,VOC/VOCALIS-ALL.xlsx,CHIRP,VOC,,,,,,,,,,,,,,,,,,,,,,,,,,,,,,,,,,,,,,,,,,,,,,,,,,,,,,,
"VOC-N1-D0015-P0015-F33,3-CPER100-s4,50",80,"VOC-SILENTIO-0100-s4,50",30.0,45,4.5,80.0,1.0,15.0,15.0,30.0,0.5,33.3333333333333,15.0,85.0,100.0,0.15,10.0,0.105480071428571,0.564150798284625,0.10661447958569199,28.0,VOC/VOCALIS-ALL.xlsx,CHIRP,VOC,,,,,,,,,,,,,,,,,,,,,,,,,,,,,,,,,,,,,,,,,,,,,,,,,,,,,,,
"VOC-N2-D0015-P0015-F33,3-CPER100-s4,50",80,"VOC-SILENTIO-0100-s4,50",30.0,45,4.5,80.0,2.0,15.0,15.0,30.0,0.5,33.3333333333333,45.0,55.0,100.0,0.45,10.0,0.7800905,0.680859146364057,0.128670284224501,28.0,VOC/VOCALIS-ALL.xlsx,CHIRP,VOC,,,,,,,,,,,,,,,,,,,,,,,,,,,,,,,,,,,,,,,,,,,,,,,,,,,,,,,
"VOC-N3-D0015-P0015-F33,3-CPER100-s4,50",80,"VOC-SILENTIO-0100-s4,50",30.0,45,4.5,80.0,3.0,15.0,15.0,30.0,0.5,33.3333333333333,75.0,25.0,100.0,0.75,10.0,0.30047667857142896,0.575945007545509,0.10884337562961699,28.0,VOC/VOCALIS-ALL.xlsx,CHIRP,VOC,,,,,,,,,,,,,,,,,,,,,,,,,,,,,,,,,,,,,,,,,,,,,,,,,,,,,,,
"VOC-N2-D0015-P0015-F33,3-CPER200-s4,50",80,"VOC-SILENTIO-0200-s5,00",30.0,45,4.5,80.0,2.0,15.0,15.0,30.0,0.5,33.3333333333333,45.0,155.0,200.0,0.225,5.0,1.08949996428571,0.792170365198299,0.149706127307851,28.0,VOC/VOCALIS-ALL.xlsx,CHIRP,VOC,,,,,,,,,,,,,,,,,,,,,,,,,,,,,,,,,,,,,,,,,,,,,,,,,,,,,,,
"VOC-N4-D0015-P0015-F33,3-CPER200-s4,50",80,"VOC-SILENTIO-0200-s5,00",30.0,45,4.5,80.0,4.0,15.0,15.0,30.0,0.5,33.3333333333333,105.0,95.0,200.0,0.525,5.0,1.18031478571429,0.507311813496895,0.09587292111985499,28.0,VOC/VOCALIS-ALL.xlsx,CHIRP,VOC,,,,,,,,,,,,,,,,,,,,,,,,,,,,,,,,,,,,,,,,,,,,,,,,,,,,,,,
"VOC-N6-D0015-P0015-F33,3-CPER200-s4,50",80,"VOC-SILENTIO-0200-s5,00",30.0,45,4.5,80.0,6.0,15.0,15.0,30.0,0.5,33.3333333333333,165.0,35.0,200.0,0.825,5.0,-0.052739464285714,0.681659608324526,0.128821557316028,28.0,VOC/VOCALIS-ALL.xlsx,CHIRP,VOC,,,,,,,,,,,,,,,,,,,,,,,,,,,,,,,,,,,,,,,,,,,,,,,,,,,,,,,
"VOC-N3-D0015-P0015-F33,3-CPER300-s4,50",80,"VOC-SILENTIO-0300-s4,50",30.0,45,4.5,80.0,3.0,15.0,15.0,30.0,0.5,33.3333333333333,75.0,225.0,300.0,0.25,3.3333333333333304,0.43480028571428603,0.713184885859764,0.134779274771066,28.0,VOC/VOCALIS-ALL.xlsx,CHIRP,VOC,,,,,,,,,,,,,,,,,,,,,,,,,,,,,,,,,,,,,,,,,,,,,,,,,,,,,,,
"VOC-N6-D0015-P0015-F33,3-CPER300-s4,50",80,"VOC-SILENTIO-0300-s4,50",30.0,45,4.5,80.0,6.0,15.0,15.0,30.0,0.5,33.3333333333333,165.0,135.0,300.0,0.55,3.3333333333333304,0.375985192307692,0.825634551998547,0.161920257374501,26.0,VOC/VOCALIS-ALL.xlsx,CHIRP,VOC,,,,,,,,,,,,,,,,,,,,,,,,,,,,,,,,,,,,,,,,,,,,,,,,,,,,,,,
"VOC-N9-D0015-P0015-F33,3-CPER300-s4,50",80,"VOC-SILENTIO-0300-s4,50",30.0,45,4.5,80.0,9.0,15.0,15.0,30.0,0.5,33.3333333333333,255.0,45.0,300.0,0.85,3.3333333333333304,0.039487269230769,0.510842483681657,0.10018445356403802,26.0,VOC/VOCALIS-ALL.xlsx,CHIRP,VOC,,,,,,,,,,,,,,,,,,,,,,,,,,,,,,,,,,,,,,,,,,,,,,,,,,,,,,,
"VOC-N4-D0015-P0015-F33,3-CPER400-s4,50",80,"VOC-SILENTIO-0400-s4,50",30.0,45,4.5,80.0,4.0,15.0,15.0,30.0,0.5,33.3333333333333,105.0,295.0,400.0,0.2625,2.5,0.363343038461538,0.48271694508144,0.09466858163508302,26.0,VOC/VOCALIS-ALL.xlsx,CHIRP,VOC,,,,,,,,,,,,,,,,,,,,,,,,,,,,,,,,,,,,,,,,,,,,,,,,,,,,,,,
"VOC-N8-D0015-P0015-F33,3-CPER400-s4,50",80,"VOC-SILENTIO-0400-s4,50",30.0,45,4.5,80.0,8.0,15.0,15.0,30.0,0.5,33.3333333333333,225.0,175.0,400.0,0.5625,2.5,0.151768884615385,0.570218271408928,0.111829003573895,26.0,VOC/VOCALIS-ALL.xlsx,CHIRP,VOC,,,,,,,,,,,,,,,,,,,,,,,,,,,,,,,,,,,,,,,,,,,,,,,,,,,,,,,
"VOC-N12-D0015-P0015-F33,3-CPER400-s4,50",80,"VOC-SILENTIO-0400-s4,50",30.0,45,4.5,80.0,12.0,15.0,15.0,30.0,0.5,33.3333333333333,345.0,55.0,400.0,0.8625,2.5,0.063660807692308,0.700534210528395,0.137386061900908,26.0,VOC/VOCALIS-ALL.xlsx,CHIRP,VOC,,,,,,,,,,,,,,,,,,,,,,,,,,,,,,,,,,,,,,,,,,,,,,,,,,,,,,,
"VOC-N5-D0015-P0015-F33,3-CPER500-s4,50",80,"VOC-SILENTIO-0500-s4,50",30.0,45,4.5,80.0,5.0,15.0,15.0,30.0,0.5,33.3333333333333,135.0,365.0,500.0,0.27,2.0,0.038527884615385,0.770841068975042,0.15117437125317199,26.0,VOC/VOCALIS-ALL.xlsx,CHIRP,VOC,,,,,,,,,,,,,,,,,,,,,,,,,,,,,,,,,,,,,,,,,,,,,,,,,,,,,,,
"VOC-N10-D0015-P0015-F33,3-CPER500-s4,50",80,"VOC-SILENTIO-0500-s4,50",30.0,45,4.5,80.0,10.0,15.0,15.0,30.0,0.5,33.3333333333333,285.0,215.0,500.0,0.57,2.0,-0.11541976923076899,0.632525458766953,0.12404844834988199,26.0,VOC/VOCALIS-ALL.xlsx,CHIRP,VOC,,,,,,,,,,,,,,,,,,,,,,,,,,,,,,,,,,,,,,,,,,,,,,,,,,,,,,,
"VOC-N15-D0015-P0015-F33,3-CPER500-s4,50",80,"VOC-SILENTIO-0500-s4,50",30.0,45,4.5,80.0,15.0,15.0,15.0,30.0,0.5,33.3333333333333,435.0,65.0,500.0,0.87,2.0,0.059116307692307996,0.578250290230642,0.11340421206256698,26.0,VOC/VOCALIS-ALL.xlsx,CHIRP,VOC,,,,,,,,,,,,,,,,,,,,,,,,,,,,,,,,,,,,,,,,,,,,,,,,,,,,,,,
"VOC-N1-D0015,0-P0015,0-F33,3-CPER145-s4,50",80,"SILENTIO-0145-s4,50",30.0,45,4.5,80.0,1.0,15.0,15.0,30.0,0.5,33.3333333333333,15.0,130.0,145.0,0.103448275862069,6.89655172413793,0.110523384615385,0.50314431623343,0.09867471871644501,26.0,VOC/VOCALIS-ALL.xlsx,CHIRP,VOC,,,,,,,,,,,,,,,,,,,,,,,,,,,,,,,,,,,,,,,,,,,,,,,,,,,,,,,
"VOC-N2-D0015,0-P0015,0-F33,3-CPER145-s4,50",80,"SILENTIO-0145-s4,50",30.0,45,4.5,80.0,2.0,15.0,15.0,30.0,0.5,33.3333333333333,45.0,100.0,145.0,0.31034482758620696,6.89655172413793,1.07734969230769,0.550941897338205,0.10804859559166699,26.0,VOC/VOCALIS-ALL.xlsx,CHIRP,VOC,,,,,,,,,,,,,,,,,,,,,,,,,,,,,,,,,,,,,,,,,,,,,,,,,,,,,,,
"VOC-N3-D0015,0-P0015,0-F33,3-CPER145-s4,50",80,"SILENTIO-0145-s4,50",30.0,45,4.5,80.0,3.0,15.0,15.0,30.0,0.5,33.3333333333333,75.0,70.0,145.0,0.517241379310345,6.89655172413793,0.924848269230769,0.775717330618651,0.15213068484063902,26.0,VOC/VOCALIS-ALL.xlsx,CHIRP,VOC,,,,,,,,,,,,,,,,,,,,,,,,,,,,,,,,,,,,,,,,,,,,,,,,,,,,,,,
"VOC-N4-D0015,0-P0015,0-F33,3-CPER145-s4,50",80,"SILENTIO-0145-s4,50",30.0,45,4.5,80.0,4.0,15.0,15.0,30.0,0.5,33.3333333333333,105.0,40.0,145.0,0.7241379310344829,6.89655172413793,0.362937653846154,0.539578596899687,0.10582006902725098,26.0,VOC/VOCALIS-ALL.xlsx,CHIRP,VOC,,,,,,,,,,,,,,,,,,,,,,,,,,,,,,,,,,,,,,,,,,,,,,,,,,,,,,,
"VOC-N1-D0015,0-P0015,0-F33,3-CPER172-s4,50",80,"SILENTIO-0172-s4,50",30.0,45,4.5,80.0,1.0,15.0,15.0,30.0,0.5,33.3333333333333,15.0,157.0,172.0,0.087209302325581,5.81395348837209,-0.041735115384614996,0.499443335127446,0.09794889660572,26.0,VOC/VOCALIS-ALL.xlsx,CHIRP,VOC,,,,,,,,,,,,,,,,,,,,,,,,,,,,,,,,,,,,,,,,,,,,,,,,,,,,,,,
"VOC-N2-D0015,0-P0015,0-F33,3-CPER172-s4,50",80,"SILENTIO-0172-s4,50",30.0,45,4.5,80.0,2.0,15.0,15.0,30.0,0.5,33.3333333333333,45.0,127.0,172.0,0.261627906976744,5.81395348837209,1.2653053461538502,0.497112191901663,0.097491721805825,26.0,VOC/VOCALIS-ALL.xlsx,CHIRP,VOC,,,,,,,,,,,,,,,,,,,,,,,,,,,,,,,,,,,,,,,,,,,,,,,,,,,,,,,
"VOC-N3-D0015,0-P0015,0-F33,3-CPER172-s4,50",80,"SILENTIO-0172-s4,50",30.0,45,4.5,80.0,3.0,15.0,15.0,30.0,0.5,33.3333333333333,75.0,97.0,172.0,0.43604651162790703,5.81395348837209,1.17976996153846,0.62984575742907,0.12352291568017099,26.0,VOC/VOCALIS-ALL.xlsx,CHIRP,VOC,,,,,,,,,,,,,,,,,,,,,,,,,,,,,,,,,,,,,,,,,,,,,,,,,,,,,,,
"VOC-N4-D0015,0-P0015,0-F33,3-CPER172-s4,50",80,"SILENTIO-0172-s4,50",30.0,45,4.5,80.0,4.0,15.0,15.0,30.0,0.5,33.3333333333333,105.0,67.0,172.0,0.61046511627907,5.81395348837209,0.8687130384615379,0.57933866870952,0.11361766064341199,26.0,VOC/VOCALIS-ALL.xlsx,CHIRP,VOC,,,,,,,,,,,,,,,,,,,,,,,,,,,,,,,,,,,,,,,,,,,,,,,,,,,,,,,
"VOC-N5-D0015,0-P0015,0-F33,3-CPER172-s4,50",80,"SILENTIO-0172-s4,50",30.0,45,4.5,80.0,5.0,15.0,15.0,30.0,0.5,33.3333333333333,135.0,37.0,172.0,0.7848837209302321,5.81395348837209,0.171187461538462,0.410392648738959,0.08048462015980701,26.0,VOC/VOCALIS-ALL.xlsx,CHIRP,VOC,,,,,,,,,,,,,,,,,,,,,,,,,,,,,,,,,,,,,,,,,,,,,,,,,,,,,,,
"VOC-N1-D0015,0-P0015,0-F33,3-CPER240-s4,50",80,"SILENTIO-0240-s4,50",30.0,45,4.5,80.0,1.0,15.0,15.0,30.0,0.5,33.3333333333333,15.0,225.0,240.0,0.0625,4.16666666666667,0.12759911538461502,0.460249870708451,0.09026242584119,26.0,VOC/VOCALIS-ALL.xlsx,CHIRP,VOC,,,,,,,,,,,,,,,,,,,,,,,,,,,,,,,,,,,,,,,,,,,,,,,,,,,,,,,
"VOC-N2-D0015,0-P0015,0-F33,3-CPER240-s4,50",80,"SILENTIO-0240-s4,50",30.0,45,4.5,80.0,2.0,15.0,15.0,30.0,0.5,33.3333333333333,45.0,195.0,240.0,0.1875,4.16666666666667,0.6909365,0.560725336785863,0.1099672859245,26.0,VOC/VOCALIS-ALL.xlsx,CHIRP,VOC,,,,,,,,,,,,,,,,,,,,,,,,,,,,,,,,,,,,,,,,,,,,,,,,,,,,,,,
"VOC-N3-D0015,0-P0015,0-F33,3-CPER240-s4,50",80,"SILENTIO-0240-s4,50",30.0,45,4.5,80.0,3.0,15.0,15.0,30.0,0.5,33.3333333333333,75.0,165.0,240.0,0.3125,4.16666666666667,0.671050576923077,0.572490832881029,0.11227468954666699,26.0,VOC/VOCALIS-ALL.xlsx,CHIRP,VOC,,,,,,,,,,,,,,,,,,,,,,,,,,,,,,,,,,,,,,,,,,,,,,,,,,,,,,,
"VOC-N4-D0015,0-P0015,0-F33,3-CPER240-s4,50",80,"SILENTIO-0240-s4,50",30.0,45,4.5,80.0,4.0,15.0,15.0,30.0,0.5,33.3333333333333,105.0,135.0,240.0,0.4375,4.16666666666667,0.565926538461538,0.703971569888457,0.138060183533684,26.0,VOC/VOCALIS-ALL.xlsx,CHIRP,VOC,,,,,,,,,,,,,,,,,,,,,,,,,,,,,,,,,,,,,,,,,,,,,,,,,,,,,,,
"VOC-N5-D0015,0-P0015,0-F33,3-CPER240-s4,50",80,"SILENTIO-0240-s4,50",30.0,45,4.5,80.0,5.0,15.0,15.0,30.0,0.5,33.3333333333333,135.0,105.0,240.0,0.5625,4.16666666666667,0.5614520384615389,0.653145787567246,0.128092427539474,26.0,VOC/VOCALIS-ALL.xlsx,CHIRP,VOC,,,,,,,,,,,,,,,,,,,,,,,,,,,,,,,,,,,,,,,,,,,,,,,,,,,,,,,
"VOC-N6-D0015,0-P0015,0-F33,3-CPER240-s4,50",80,"SILENTIO-0240-s4,50",30.0,45,4.5,80.0,6.0,15.0,15.0,30.0,0.5,33.3333333333333,165.0,75.0,240.0,0.6875,4.16666666666667,0.314057653846154,0.496063779351159,0.09728611118838999,26.0,VOC/VOCALIS-ALL.xlsx,CHIRP,VOC,,,,,,,,,,,,,,,,,,,,,,,,,,,,,,,,,,,,,,,,,,,,,,,,,,,,,,,
"VOC-N7-D0015,0-P0015,0-F33,3-CPER240-s4,50",80,"SILENTIO-0240-s4,50",30.0,45,4.5,80.0,7.0,15.0,15.0,30.0,0.5,33.3333333333333,195.0,45.0,240.0,0.8125,4.16666666666667,-0.05925092307692299,0.498578916775182,0.09777937021933099,26.0,VOC/VOCALIS-ALL.xlsx,CHIRP,VOC,,,,,,,,,,,,,,,,,,,,,,,,,,,,,,,,,,,,,,,,,,,,,,,,,,,,,,,
