pdur,ppau,pper,pdc,cpau,cdur,cper,cdc,npul,resp
5,20,25,0.2,300,200,500,2.5,4,0.209251101321586
20,20,40,0.5,300,200,500,2.5,4,1
35,20,55,0.636363636363636,300,200,500,2.5,4,0.364537444933921
50,20,70,0.714285714285714,300,200,500,2.5,4,0.357929515418502
65,20,85,0.764705882352941,300,200,500,2.5,4,0.222466960352423
80,20,100,0.8,300,200,500,2.5,4,0.244493392070485
20,5,25,0.8,300,200,500,2.5,4,0.421806167400881
20,20,40,0.5,300,200,500,2.5,4,0.948237885462555
20,35,55,0.363636363636364,300,200,500,2.5,4,0.437224669603524
20,50,70,0.285714285714286,300,200,500,2.5,4,0.168502202643172
20,65,85,0.235294117647059,300,200,500,2.5,4,0.0253303964757709
20,80,100,0.2,300,200,500,2.5,4,0.00220264317180617
12,12,24,0.5,300,200,500,2.5,4,0.348017621145374
20,20,40,0.5,300,200,500,2.5,4,0.969162995594714
27,27,54,0.5,300,200,500,2.5,4,0.607929515418502
35,35,70,0.5,300,200,500,2.5,4,0.193832599118943
42,42,84,0.5,300,200,500,2.5,4,0.125550660792952
50,50,100,0.5,300,200,500,2.5,4,0.026431718061674
4,36,40,0.1,300,200,500,2.5,4,0.4284140969163
8,32,40,0.2,300,200,500,2.5,4,0.701541850220264
12,28,40,0.3,300,200,500,2.5,4,0.81057268722467
16,24,40,0.4,300,200,500,2.5,4,0.8215859030837
20,20,40,0.5,300,200,500,2.5,4,0.937224669603524
24,16,40,0.6,300,200,500,2.5,4,0.994493392070485
28,12,40,0.7,300,200,500,2.5,4,0.911894273127753
32,8,40,0.8,300,200,500,2.5,4,0.704845814977974
36,4,40,0.9,300,200,500,2.5,4,0.506607929515419
